{
    "0.0": {
        "DI": 0,
        "GR": 420,
        "FR": 2100,
        "FA": 0,
        "DIR": 0.0,
        "FRR": 1.0,
        "FAR": 0.0,
        "ERR": false
    },
    "0.01": {
        "DI": 2,
        "GR": 420,
        "FR": 2098,
        "FA": 0,
        "DIR": 0.0009524,
        "FRR": 0.9990476,
        "FAR": 0.0,
        "ERR": false
    },
    "0.02": {
        "DI": 2,
        "GR": 420,
        "FR": 2098,
        "FA": 0,
        "DIR": 0.0009524,
        "FRR": 0.9990476,
        "FAR": 0.0,
        "ERR": false
    },
    "0.03": {
        "DI": 2,
        "GR": 420,
        "FR": 2098,
        "FA": 0,
        "DIR": 0.0009524,
        "FRR": 0.9990476,
        "FAR": 0.0,
        "ERR": false
    },
    "0.04": {
        "DI": 2,
        "GR": 420,
        "FR": 2098,
        "FA": 0,
        "DIR": 0.0009524,
        "FRR": 0.9990476,
        "FAR": 0.0,
        "ERR": false
    },
    "0.05": {
        "DI": 2,
        "GR": 420,
        "FR": 2098,
        "FA": 0,
        "DIR": 0.0009524,
        "FRR": 0.9990476,
        "FAR": 0.0,
        "ERR": false
    },
    "0.06": {
        "DI": 2,
        "GR": 420,
        "FR": 2098,
        "FA": 0,
        "DIR": 0.0009524,
        "FRR": 0.9990476,
        "FAR": 0.0,
        "ERR": false
    },
    "0.07": {
        "DI": 2,
        "GR": 420,
        "FR": 2098,
        "FA": 0,
        "DIR": 0.0009524,
        "FRR": 0.9990476,
        "FAR": 0.0,
        "ERR": false
    },
    "0.08": {
        "DI": 2,
        "GR": 420,
        "FR": 2098,
        "FA": 0,
        "DIR": 0.0009524,
        "FRR": 0.9990476,
        "FAR": 0.0,
        "ERR": false
    },
    "0.09": {
        "DI": 2,
        "GR": 420,
        "FR": 2098,
        "FA": 0,
        "DIR": 0.0009524,
        "FRR": 0.9990476,
        "FAR": 0.0,
        "ERR": false
    },
    "0.1": {
        "DI": 2,
        "GR": 420,
        "FR": 2098,
        "FA": 0,
        "DIR": 0.0009524,
        "FRR": 0.9990476,
        "FAR": 0.0,
        "ERR": false
    },
    "0.11": {
        "DI": 2,
        "GR": 420,
        "FR": 2098,
        "FA": 0,
        "DIR": 0.0009524,
        "FRR": 0.9990476,
        "FAR": 0.0,
        "ERR": false
    },
    "0.12": {
        "DI": 3,
        "GR": 420,
        "FR": 2097,
        "FA": 0,
        "DIR": 0.0014286,
        "FRR": 0.9985714,
        "FAR": 0.0,
        "ERR": false
    },
    "0.13": {
        "DI": 3,
        "GR": 420,
        "FR": 2097,
        "FA": 0,
        "DIR": 0.0014286,
        "FRR": 0.9985714,
        "FAR": 0.0,
        "ERR": false
    },
    "0.14": {
        "DI": 3,
        "GR": 420,
        "FR": 2097,
        "FA": 0,
        "DIR": 0.0014286,
        "FRR": 0.9985714,
        "FAR": 0.0,
        "ERR": false
    },
    "0.15": {
        "DI": 5,
        "GR": 420,
        "FR": 2095,
        "FA": 0,
        "DIR": 0.002381,
        "FRR": 0.997619,
        "FAR": 0.0,
        "ERR": false
    },
    "0.16": {
        "DI": 6,
        "GR": 420,
        "FR": 2094,
        "FA": 0,
        "DIR": 0.0028571,
        "FRR": 0.9971429,
        "FAR": 0.0,
        "ERR": false
    },
    "0.17": {
        "DI": 6,
        "GR": 420,
        "FR": 2094,
        "FA": 0,
        "DIR": 0.0028571,
        "FRR": 0.9971429,
        "FAR": 0.0,
        "ERR": false
    },
    "0.18": {
        "DI": 7,
        "GR": 420,
        "FR": 2093,
        "FA": 0,
        "DIR": 0.0033333,
        "FRR": 0.9966667,
        "FAR": 0.0,
        "ERR": false
    },
    "0.19": {
        "DI": 7,
        "GR": 420,
        "FR": 2093,
        "FA": 0,
        "DIR": 0.0033333,
        "FRR": 0.9966667,
        "FAR": 0.0,
        "ERR": false
    },
    "0.2": {
        "DI": 7,
        "GR": 420,
        "FR": 2093,
        "FA": 0,
        "DIR": 0.0033333,
        "FRR": 0.9966667,
        "FAR": 0.0,
        "ERR": false
    },
    "0.21": {
        "DI": 9,
        "GR": 420,
        "FR": 2091,
        "FA": 0,
        "DIR": 0.0042857,
        "FRR": 0.9957143,
        "FAR": 0.0,
        "ERR": false
    },
    "0.22": {
        "DI": 12,
        "GR": 420,
        "FR": 2088,
        "FA": 0,
        "DIR": 0.0057143,
        "FRR": 0.9942857,
        "FAR": 0.0,
        "ERR": false
    },
    "0.23": {
        "DI": 16,
        "GR": 420,
        "FR": 2084,
        "FA": 0,
        "DIR": 0.007619,
        "FRR": 0.992381,
        "FAR": 0.0,
        "ERR": false
    },
    "0.24": {
        "DI": 18,
        "GR": 420,
        "FR": 2082,
        "FA": 0,
        "DIR": 0.0085714,
        "FRR": 0.9914286,
        "FAR": 0.0,
        "ERR": false
    },
    "0.25": {
        "DI": 25,
        "GR": 420,
        "FR": 2075,
        "FA": 0,
        "DIR": 0.0119048,
        "FRR": 0.9880952,
        "FAR": 0.0,
        "ERR": false
    },
    "0.26": {
        "DI": 29,
        "GR": 420,
        "FR": 2071,
        "FA": 0,
        "DIR": 0.0138095,
        "FRR": 0.9861905,
        "FAR": 0.0,
        "ERR": false
    },
    "0.27": {
        "DI": 35,
        "GR": 420,
        "FR": 2065,
        "FA": 0,
        "DIR": 0.0166667,
        "FRR": 0.9833333,
        "FAR": 0.0,
        "ERR": false
    },
    "0.28": {
        "DI": 57,
        "GR": 420,
        "FR": 2043,
        "FA": 0,
        "DIR": 0.0271429,
        "FRR": 0.9728571,
        "FAR": 0.0,
        "ERR": false
    },
    "0.29": {
        "DI": 82,
        "GR": 420,
        "FR": 2018,
        "FA": 0,
        "DIR": 0.0390476,
        "FRR": 0.9609524,
        "FAR": 0.0,
        "ERR": false
    },
    "0.3": {
        "DI": 102,
        "GR": 420,
        "FR": 1998,
        "FA": 0,
        "DIR": 0.0485714,
        "FRR": 0.9514286,
        "FAR": 0.0,
        "ERR": false
    },
    "0.31": {
        "DI": 121,
        "GR": 420,
        "FR": 1979,
        "FA": 0,
        "DIR": 0.057619,
        "FRR": 0.942381,
        "FAR": 0.0,
        "ERR": false
    },
    "0.32": {
        "DI": 150,
        "GR": 420,
        "FR": 1950,
        "FA": 0,
        "DIR": 0.0714286,
        "FRR": 0.9285714,
        "FAR": 0.0,
        "ERR": false
    },
    "0.33": {
        "DI": 198,
        "GR": 420,
        "FR": 1902,
        "FA": 0,
        "DIR": 0.0942857,
        "FRR": 0.9057143,
        "FAR": 0.0,
        "ERR": false
    },
    "0.34": {
        "DI": 247,
        "GR": 420,
        "FR": 1853,
        "FA": 0,
        "DIR": 0.117619,
        "FRR": 0.882381,
        "FAR": 0.0,
        "ERR": false
    },
    "0.35": {
        "DI": 299,
        "GR": 420,
        "FR": 1801,
        "FA": 0,
        "DIR": 0.142381,
        "FRR": 0.857619,
        "FAR": 0.0,
        "ERR": false
    },
    "0.36": {
        "DI": 354,
        "GR": 420,
        "FR": 1746,
        "FA": 0,
        "DIR": 0.1685714,
        "FRR": 0.8314286,
        "FAR": 0.0,
        "ERR": false
    },
    "0.37": {
        "DI": 414,
        "GR": 420,
        "FR": 1686,
        "FA": 0,
        "DIR": 0.1971429,
        "FRR": 0.8028571,
        "FAR": 0.0,
        "ERR": false
    },
    "0.38": {
        "DI": 476,
        "GR": 420,
        "FR": 1624,
        "FA": 0,
        "DIR": 0.2266667,
        "FRR": 0.7733333,
        "FAR": 0.0,
        "ERR": false
    },
    "0.39": {
        "DI": 545,
        "GR": 420,
        "FR": 1555,
        "FA": 0,
        "DIR": 0.2595238,
        "FRR": 0.7404762,
        "FAR": 0.0,
        "ERR": false
    },
    "0.4": {
        "DI": 635,
        "GR": 420,
        "FR": 1465,
        "FA": 0,
        "DIR": 0.302381,
        "FRR": 0.697619,
        "FAR": 0.0,
        "ERR": false
    },
    "0.41": {
        "DI": 720,
        "GR": 420,
        "FR": 1380,
        "FA": 0,
        "DIR": 0.3428571,
        "FRR": 0.6571429,
        "FAR": 0.0,
        "ERR": false
    },
    "0.42": {
        "DI": 807,
        "GR": 420,
        "FR": 1293,
        "FA": 0,
        "DIR": 0.3842857,
        "FRR": 0.6157143,